--
-- PostgreSQL database dump
--

-- Dumped from database version 16.4
-- Dumped by pg_dump version 16.4

-- Started on 2024-11-12 11:17:17

SET statement_timeout = 0;
SET lock_timeout = 0;
SET idle_in_transaction_session_timeout = 0;
SET client_encoding = 'UTF8';
SET standard_conforming_strings = on;
SELECT pg_catalog.set_config('search_path', '', false);
SET check_function_bodies = false;
SET xmloption = content;
SET client_min_messages = warning;
SET row_security = off;

SET default_tablespace = '';

SET default_table_access_method = heap;

--
-- TOC entry 222 (class 1259 OID 17558)
-- Name: auth_group; Type: TABLE; Schema: public; Owner: postgres
--

CREATE TABLE public.auth_group (
    id integer NOT NULL,
    name character varying(150) NOT NULL
);


ALTER TABLE public.auth_group OWNER TO postgres;

--
-- TOC entry 221 (class 1259 OID 17557)
-- Name: auth_group_id_seq; Type: SEQUENCE; Schema: public; Owner: postgres
--

ALTER TABLE public.auth_group ALTER COLUMN id ADD GENERATED BY DEFAULT AS IDENTITY (
    SEQUENCE NAME public.auth_group_id_seq
    START WITH 1
    INCREMENT BY 1
    NO MINVALUE
    NO MAXVALUE
    CACHE 1
);


--
-- TOC entry 224 (class 1259 OID 17566)
-- Name: auth_group_permissions; Type: TABLE; Schema: public; Owner: postgres
--

CREATE TABLE public.auth_group_permissions (
    id bigint NOT NULL,
    group_id integer NOT NULL,
    permission_id integer NOT NULL
);


ALTER TABLE public.auth_group_permissions OWNER TO postgres;

--
-- TOC entry 223 (class 1259 OID 17565)
-- Name: auth_group_permissions_id_seq; Type: SEQUENCE; Schema: public; Owner: postgres
--

ALTER TABLE public.auth_group_permissions ALTER COLUMN id ADD GENERATED BY DEFAULT AS IDENTITY (
    SEQUENCE NAME public.auth_group_permissions_id_seq
    START WITH 1
    INCREMENT BY 1
    NO MINVALUE
    NO MAXVALUE
    CACHE 1
);


--
-- TOC entry 220 (class 1259 OID 17552)
-- Name: auth_permission; Type: TABLE; Schema: public; Owner: postgres
--

CREATE TABLE public.auth_permission (
    id integer NOT NULL,
    name character varying(255) NOT NULL,
    content_type_id integer NOT NULL,
    codename character varying(100) NOT NULL
);


ALTER TABLE public.auth_permission OWNER TO postgres;

--
-- TOC entry 219 (class 1259 OID 17551)
-- Name: auth_permission_id_seq; Type: SEQUENCE; Schema: public; Owner: postgres
--

ALTER TABLE public.auth_permission ALTER COLUMN id ADD GENERATED BY DEFAULT AS IDENTITY (
    SEQUENCE NAME public.auth_permission_id_seq
    START WITH 1
    INCREMENT BY 1
    NO MINVALUE
    NO MAXVALUE
    CACHE 1
);


--
-- TOC entry 226 (class 1259 OID 17572)
-- Name: auth_user; Type: TABLE; Schema: public; Owner: postgres
--

CREATE TABLE public.auth_user (
    id integer NOT NULL,
    password character varying(128) NOT NULL,
    last_login timestamp with time zone,
    is_superuser boolean NOT NULL,
    username character varying(150) NOT NULL,
    first_name character varying(150) NOT NULL,
    last_name character varying(150) NOT NULL,
    email character varying(254) NOT NULL,
    is_staff boolean NOT NULL,
    is_active boolean NOT NULL,
    date_joined timestamp with time zone NOT NULL
);


ALTER TABLE public.auth_user OWNER TO postgres;

--
-- TOC entry 228 (class 1259 OID 17580)
-- Name: auth_user_groups; Type: TABLE; Schema: public; Owner: postgres
--

CREATE TABLE public.auth_user_groups (
    id bigint NOT NULL,
    user_id integer NOT NULL,
    group_id integer NOT NULL
);


ALTER TABLE public.auth_user_groups OWNER TO postgres;

--
-- TOC entry 227 (class 1259 OID 17579)
-- Name: auth_user_groups_id_seq; Type: SEQUENCE; Schema: public; Owner: postgres
--

ALTER TABLE public.auth_user_groups ALTER COLUMN id ADD GENERATED BY DEFAULT AS IDENTITY (
    SEQUENCE NAME public.auth_user_groups_id_seq
    START WITH 1
    INCREMENT BY 1
    NO MINVALUE
    NO MAXVALUE
    CACHE 1
);


--
-- TOC entry 225 (class 1259 OID 17571)
-- Name: auth_user_id_seq; Type: SEQUENCE; Schema: public; Owner: postgres
--

ALTER TABLE public.auth_user ALTER COLUMN id ADD GENERATED BY DEFAULT AS IDENTITY (
    SEQUENCE NAME public.auth_user_id_seq
    START WITH 1
    INCREMENT BY 1
    NO MINVALUE
    NO MAXVALUE
    CACHE 1
);


--
-- TOC entry 230 (class 1259 OID 17586)
-- Name: auth_user_user_permissions; Type: TABLE; Schema: public; Owner: postgres
--

CREATE TABLE public.auth_user_user_permissions (
    id bigint NOT NULL,
    user_id integer NOT NULL,
    permission_id integer NOT NULL
);


ALTER TABLE public.auth_user_user_permissions OWNER TO postgres;

--
-- TOC entry 229 (class 1259 OID 17585)
-- Name: auth_user_user_permissions_id_seq; Type: SEQUENCE; Schema: public; Owner: postgres
--

ALTER TABLE public.auth_user_user_permissions ALTER COLUMN id ADD GENERATED BY DEFAULT AS IDENTITY (
    SEQUENCE NAME public.auth_user_user_permissions_id_seq
    START WITH 1
    INCREMENT BY 1
    NO MINVALUE
    NO MAXVALUE
    CACHE 1
);


--
-- TOC entry 234 (class 1259 OID 17673)
-- Name: db_diy_entity; Type: TABLE; Schema: public; Owner: postgres
--

CREATE TABLE public.db_diy_entity (
    entity_id integer NOT NULL,
    entity_name character varying(255) NOT NULL
);


ALTER TABLE public.db_diy_entity OWNER TO postgres;

--
-- TOC entry 233 (class 1259 OID 17672)
-- Name: db_diy_entity_entity_id_seq; Type: SEQUENCE; Schema: public; Owner: postgres
--

ALTER TABLE public.db_diy_entity ALTER COLUMN entity_id ADD GENERATED BY DEFAULT AS IDENTITY (
    SEQUENCE NAME public.db_diy_entity_entity_id_seq
    START WITH 1
    INCREMENT BY 1
    NO MINVALUE
    NO MAXVALUE
    CACHE 1
);


--
-- TOC entry 236 (class 1259 OID 17681)
-- Name: db_diy_permission; Type: TABLE; Schema: public; Owner: postgres
--

CREATE TABLE public.db_diy_permission (
    permission_id integer NOT NULL,
    permission_name character varying(255) NOT NULL
);


ALTER TABLE public.db_diy_permission OWNER TO postgres;

--
-- TOC entry 235 (class 1259 OID 17680)
-- Name: db_diy_permission_permission_id_seq; Type: SEQUENCE; Schema: public; Owner: postgres
--

ALTER TABLE public.db_diy_permission ALTER COLUMN permission_id ADD GENERATED BY DEFAULT AS IDENTITY (
    SEQUENCE NAME public.db_diy_permission_permission_id_seq
    START WITH 1
    INCREMENT BY 1
    NO MINVALUE
    NO MAXVALUE
    CACHE 1
);


--
-- TOC entry 238 (class 1259 OID 17689)
-- Name: db_diy_role; Type: TABLE; Schema: public; Owner: postgres
--

CREATE TABLE public.db_diy_role (
    role_id integer NOT NULL,
    role_name character varying(255) NOT NULL,
    description text NOT NULL
);


ALTER TABLE public.db_diy_role OWNER TO postgres;

--
-- TOC entry 237 (class 1259 OID 17688)
-- Name: db_diy_role_role_id_seq; Type: SEQUENCE; Schema: public; Owner: postgres
--

ALTER TABLE public.db_diy_role ALTER COLUMN role_id ADD GENERATED BY DEFAULT AS IDENTITY (
    SEQUENCE NAME public.db_diy_role_role_id_seq
    START WITH 1
    INCREMENT BY 1
    NO MINVALUE
    NO MAXVALUE
    CACHE 1
);


--
-- TOC entry 240 (class 1259 OID 17699)
-- Name: db_diy_rolepermission; Type: TABLE; Schema: public; Owner: postgres
--

CREATE TABLE public.db_diy_rolepermission (
    id bigint NOT NULL,
    view boolean NOT NULL,
    "create" boolean NOT NULL,
    edit boolean NOT NULL,
    delete boolean NOT NULL,
    full_access boolean NOT NULL,
    entity_id integer NOT NULL,
    role_id integer NOT NULL
);


ALTER TABLE public.db_diy_rolepermission OWNER TO postgres;

--
-- TOC entry 239 (class 1259 OID 17698)
-- Name: db_diy_rolepermission_id_seq; Type: SEQUENCE; Schema: public; Owner: postgres
--

ALTER TABLE public.db_diy_rolepermission ALTER COLUMN id ADD GENERATED BY DEFAULT AS IDENTITY (
    SEQUENCE NAME public.db_diy_rolepermission_id_seq
    START WITH 1
    INCREMENT BY 1
    NO MINVALUE
    NO MAXVALUE
    CACHE 1
);


--
-- TOC entry 242 (class 1259 OID 17705)
-- Name: db_diy_users; Type: TABLE; Schema: public; Owner: postgres
--

CREATE TABLE public.db_diy_users (
    id integer NOT NULL,
    username character varying(255) NOT NULL,
    fullname character varying(255) NOT NULL,
    dob character varying(255) NOT NULL,
    tels character varying(255) NOT NULL,
    address character varying(255) NOT NULL,
    role_id integer NOT NULL,
    gender character varying(1) NOT NULL,
    date_joined timestamp with time zone NOT NULL,
    first_name character varying(150) NOT NULL,
    is_active boolean NOT NULL,
    is_staff boolean NOT NULL,
    is_superuser boolean NOT NULL,
    last_login timestamp with time zone,
    last_name character varying(150) NOT NULL,
    password character varying(255) NOT NULL,
    email character varying(254) NOT NULL
);


ALTER TABLE public.db_diy_users OWNER TO postgres;

--
-- TOC entry 257 (class 1259 OID 17855)
-- Name: db_diy_users_groups; Type: TABLE; Schema: public; Owner: postgres
--

CREATE TABLE public.db_diy_users_groups (
    id bigint NOT NULL,
    users_id integer NOT NULL,
    group_id integer NOT NULL
);


ALTER TABLE public.db_diy_users_groups OWNER TO postgres;

--
-- TOC entry 256 (class 1259 OID 17854)
-- Name: db_diy_users_groups_id_seq; Type: SEQUENCE; Schema: public; Owner: postgres
--

ALTER TABLE public.db_diy_users_groups ALTER COLUMN id ADD GENERATED BY DEFAULT AS IDENTITY (
    SEQUENCE NAME public.db_diy_users_groups_id_seq
    START WITH 1
    INCREMENT BY 1
    NO MINVALUE
    NO MAXVALUE
    CACHE 1
);


--
-- TOC entry 241 (class 1259 OID 17704)
-- Name: db_diy_users_id_seq; Type: SEQUENCE; Schema: public; Owner: postgres
--

ALTER TABLE public.db_diy_users ALTER COLUMN id ADD GENERATED BY DEFAULT AS IDENTITY (
    SEQUENCE NAME public.db_diy_users_id_seq
    START WITH 1
    INCREMENT BY 1
    NO MINVALUE
    NO MAXVALUE
    CACHE 1
);


--
-- TOC entry 259 (class 1259 OID 17866)
-- Name: db_diy_users_user_permissions; Type: TABLE; Schema: public; Owner: postgres
--

CREATE TABLE public.db_diy_users_user_permissions (
    id bigint NOT NULL,
    users_id integer NOT NULL,
    permission_id integer NOT NULL
);


ALTER TABLE public.db_diy_users_user_permissions OWNER TO postgres;

--
-- TOC entry 258 (class 1259 OID 17865)
-- Name: db_diy_users_user_permissions_id_seq; Type: SEQUENCE; Schema: public; Owner: postgres
--

ALTER TABLE public.db_diy_users_user_permissions ALTER COLUMN id ADD GENERATED BY DEFAULT AS IDENTITY (
    SEQUENCE NAME public.db_diy_users_user_permissions_id_seq
    START WITH 1
    INCREMENT BY 1
    NO MINVALUE
    NO MAXVALUE
    CACHE 1
);


--
-- TOC entry 232 (class 1259 OID 17644)
-- Name: django_admin_log; Type: TABLE; Schema: public; Owner: postgres
--

CREATE TABLE public.django_admin_log (
    id integer NOT NULL,
    action_time timestamp with time zone NOT NULL,
    object_id text,
    object_repr character varying(200) NOT NULL,
    action_flag smallint NOT NULL,
    change_message text NOT NULL,
    content_type_id integer,
    user_id integer NOT NULL,
    CONSTRAINT django_admin_log_action_flag_check CHECK ((action_flag >= 0))
);


ALTER TABLE public.django_admin_log OWNER TO postgres;

--
-- TOC entry 231 (class 1259 OID 17643)
-- Name: django_admin_log_id_seq; Type: SEQUENCE; Schema: public; Owner: postgres
--

ALTER TABLE public.django_admin_log ALTER COLUMN id ADD GENERATED BY DEFAULT AS IDENTITY (
    SEQUENCE NAME public.django_admin_log_id_seq
    START WITH 1
    INCREMENT BY 1
    NO MINVALUE
    NO MAXVALUE
    CACHE 1
);


--
-- TOC entry 218 (class 1259 OID 17544)
-- Name: django_content_type; Type: TABLE; Schema: public; Owner: postgres
--

CREATE TABLE public.django_content_type (
    id integer NOT NULL,
    app_label character varying(100) NOT NULL,
    model character varying(100) NOT NULL
);


ALTER TABLE public.django_content_type OWNER TO postgres;

--
-- TOC entry 217 (class 1259 OID 17543)
-- Name: django_content_type_id_seq; Type: SEQUENCE; Schema: public; Owner: postgres
--

ALTER TABLE public.django_content_type ALTER COLUMN id ADD GENERATED BY DEFAULT AS IDENTITY (
    SEQUENCE NAME public.django_content_type_id_seq
    START WITH 1
    INCREMENT BY 1
    NO MINVALUE
    NO MAXVALUE
    CACHE 1
);


--
-- TOC entry 216 (class 1259 OID 17536)
-- Name: django_migrations; Type: TABLE; Schema: public; Owner: postgres
--

CREATE TABLE public.django_migrations (
    id bigint NOT NULL,
    app character varying(255) NOT NULL,
    name character varying(255) NOT NULL,
    applied timestamp with time zone NOT NULL
);


ALTER TABLE public.django_migrations OWNER TO postgres;

--
-- TOC entry 215 (class 1259 OID 17535)
-- Name: django_migrations_id_seq; Type: SEQUENCE; Schema: public; Owner: postgres
--

ALTER TABLE public.django_migrations ALTER COLUMN id ADD GENERATED BY DEFAULT AS IDENTITY (
    SEQUENCE NAME public.django_migrations_id_seq
    START WITH 1
    INCREMENT BY 1
    NO MINVALUE
    NO MAXVALUE
    CACHE 1
);


--
-- TOC entry 243 (class 1259 OID 17755)
-- Name: django_session; Type: TABLE; Schema: public; Owner: postgres
--

CREATE TABLE public.django_session (
    session_key character varying(40) NOT NULL,
    session_data text NOT NULL,
    expire_date timestamp with time zone NOT NULL
);


ALTER TABLE public.django_session OWNER TO postgres;

--
-- TOC entry 245 (class 1259 OID 17773)
-- Name: inventory_material; Type: TABLE; Schema: public; Owner: postgres
--

CREATE TABLE public.inventory_material (
    material_id integer NOT NULL,
    name character varying(255) NOT NULL,
    category character varying(100)[],
    image character varying(200)[],
    price numeric(10,2) NOT NULL,
    stock integer NOT NULL,
    unitcount character varying(255) NOT NULL,
    location character varying(255) NOT NULL,
    description text NOT NULL,
    expiredate date NOT NULL,
    "isAvailable" boolean NOT NULL
);


ALTER TABLE public.inventory_material OWNER TO postgres;

--
-- TOC entry 244 (class 1259 OID 17772)
-- Name: inventory_material_material_id_seq; Type: SEQUENCE; Schema: public; Owner: postgres
--

ALTER TABLE public.inventory_material ALTER COLUMN material_id ADD GENERATED BY DEFAULT AS IDENTITY (
    SEQUENCE NAME public.inventory_material_material_id_seq
    START WITH 1
    INCREMENT BY 1
    NO MINVALUE
    NO MAXVALUE
    CACHE 1
);


--
-- TOC entry 247 (class 1259 OID 17784)
-- Name: inventory_product; Type: TABLE; Schema: public; Owner: postgres
--

CREATE TABLE public.inventory_product (
    product_id integer NOT NULL,
    name character varying(255) NOT NULL,
    category character varying(255) NOT NULL,
    "sellingPrice" numeric(10,2) NOT NULL,
    stock integer NOT NULL,
    location character varying(255) NOT NULL,
    description character varying(255) NOT NULL,
    image character varying(200)[],
    expiredate date NOT NULL,
    "isAvailable" boolean NOT NULL
);


ALTER TABLE public.inventory_product OWNER TO postgres;

--
-- TOC entry 249 (class 1259 OID 17794)
-- Name: inventory_product_materials; Type: TABLE; Schema: public; Owner: postgres
--

CREATE TABLE public.inventory_product_materials (
    id bigint NOT NULL,
    product_id integer NOT NULL,
    material_id integer NOT NULL
);


ALTER TABLE public.inventory_product_materials OWNER TO postgres;

--
-- TOC entry 248 (class 1259 OID 17793)
-- Name: inventory_product_materials_id_seq; Type: SEQUENCE; Schema: public; Owner: postgres
--

ALTER TABLE public.inventory_product_materials ALTER COLUMN id ADD GENERATED BY DEFAULT AS IDENTITY (
    SEQUENCE NAME public.inventory_product_materials_id_seq
    START WITH 1
    INCREMENT BY 1
    NO MINVALUE
    NO MAXVALUE
    CACHE 1
);


--
-- TOC entry 246 (class 1259 OID 17783)
-- Name: inventory_product_product_id_seq; Type: SEQUENCE; Schema: public; Owner: postgres
--

ALTER TABLE public.inventory_product ALTER COLUMN product_id ADD GENERATED BY DEFAULT AS IDENTITY (
    SEQUENCE NAME public.inventory_product_product_id_seq
    START WITH 1
    INCREMENT BY 1
    NO MINVALUE
    NO MAXVALUE
    CACHE 1
);


--
-- TOC entry 255 (class 1259 OID 17832)
-- Name: supplier_bankaccount; Type: TABLE; Schema: public; Owner: postgres
--

CREATE TABLE public.supplier_bankaccount (
    bank_id integer NOT NULL,
    holder_name character varying(255) NOT NULL,
    account_number character varying(50) NOT NULL,
    bank_name character varying(255) NOT NULL,
    branch_name character varying(255) NOT NULL,
    swift_code character varying(11) NOT NULL,
    company_id integer NOT NULL
);


ALTER TABLE public.supplier_bankaccount OWNER TO postgres;

--
-- TOC entry 254 (class 1259 OID 17831)
-- Name: supplier_bankaccount_bank_id_seq; Type: SEQUENCE; Schema: public; Owner: postgres
--

ALTER TABLE public.supplier_bankaccount ALTER COLUMN bank_id ADD GENERATED BY DEFAULT AS IDENTITY (
    SEQUENCE NAME public.supplier_bankaccount_bank_id_seq
    START WITH 1
    INCREMENT BY 1
    NO MINVALUE
    NO MAXVALUE
    CACHE 1
);


--
-- TOC entry 251 (class 1259 OID 17816)
-- Name: supplier_company; Type: TABLE; Schema: public; Owner: postgres
--

CREATE TABLE public.supplier_company (
    company_id integer NOT NULL,
    company_name character varying(255) NOT NULL,
    company_phone character varying(100) NOT NULL,
    company_email character varying(255) NOT NULL,
    company_address character varying(255) NOT NULL
);


ALTER TABLE public.supplier_company OWNER TO postgres;

--
-- TOC entry 250 (class 1259 OID 17815)
-- Name: supplier_company_company_id_seq; Type: SEQUENCE; Schema: public; Owner: postgres
--

ALTER TABLE public.supplier_company ALTER COLUMN company_id ADD GENERATED BY DEFAULT AS IDENTITY (
    SEQUENCE NAME public.supplier_company_company_id_seq
    START WITH 1
    INCREMENT BY 1
    NO MINVALUE
    NO MAXVALUE
    CACHE 1
);


--
-- TOC entry 253 (class 1259 OID 17824)
-- Name: supplier_supplier; Type: TABLE; Schema: public; Owner: postgres
--

CREATE TABLE public.supplier_supplier (
    supplier_id integer NOT NULL,
    supplier_name character varying(255) NOT NULL,
    dob date NOT NULL,
    gender character varying(1) NOT NULL,
    phone character varying(15) NOT NULL,
    supplier_address character varying(255) NOT NULL,
    company_id integer NOT NULL
);


ALTER TABLE public.supplier_supplier OWNER TO postgres;

--
-- TOC entry 252 (class 1259 OID 17823)
-- Name: supplier_supplier_supplier_id_seq; Type: SEQUENCE; Schema: public; Owner: postgres
--

ALTER TABLE public.supplier_supplier ALTER COLUMN supplier_id ADD GENERATED BY DEFAULT AS IDENTITY (
    SEQUENCE NAME public.supplier_supplier_supplier_id_seq
    START WITH 1
    INCREMENT BY 1
    NO MINVALUE
    NO MAXVALUE
    CACHE 1
);


--
-- TOC entry 5079 (class 0 OID 17558)
-- Dependencies: 222
-- Data for Name: auth_group; Type: TABLE DATA; Schema: public; Owner: postgres
--

COPY public.auth_group (id, name) FROM stdin;
\.


--
-- TOC entry 5081 (class 0 OID 17566)
-- Dependencies: 224
-- Data for Name: auth_group_permissions; Type: TABLE DATA; Schema: public; Owner: postgres
--

COPY public.auth_group_permissions (id, group_id, permission_id) FROM stdin;
\.


--
-- TOC entry 5077 (class 0 OID 17552)
-- Dependencies: 220
-- Data for Name: auth_permission; Type: TABLE DATA; Schema: public; Owner: postgres
--

COPY public.auth_permission (id, name, content_type_id, codename) FROM stdin;
1	Can add entity	1	add_entity
2	Can change entity	1	change_entity
3	Can delete entity	1	delete_entity
4	Can view entity	1	view_entity
5	Can add permission	2	add_permission
6	Can change permission	2	change_permission
7	Can delete permission	2	delete_permission
8	Can view permission	2	view_permission
9	Can add role	3	add_role
10	Can change role	3	change_role
11	Can delete role	3	delete_role
12	Can view role	3	view_role
13	Can add role permission	4	add_rolepermission
14	Can change role permission	4	change_rolepermission
15	Can delete role permission	4	delete_rolepermission
16	Can view role permission	4	view_rolepermission
17	Can add users	5	add_users
18	Can change users	5	change_users
19	Can delete users	5	delete_users
20	Can view users	5	view_users
21	Can add user role permission	6	add_userrolepermission
22	Can change user role permission	6	change_userrolepermission
23	Can delete user role permission	6	delete_userrolepermission
24	Can view user role permission	6	view_userrolepermission
25	Can add log entry	7	add_logentry
26	Can change log entry	7	change_logentry
27	Can delete log entry	7	delete_logentry
28	Can view log entry	7	view_logentry
29	Can add permission	8	add_permission
30	Can change permission	8	change_permission
31	Can delete permission	8	delete_permission
32	Can view permission	8	view_permission
33	Can add group	9	add_group
34	Can change group	9	change_group
35	Can delete group	9	delete_group
36	Can view group	9	view_group
37	Can add user	10	add_user
38	Can change user	10	change_user
39	Can delete user	10	delete_user
40	Can view user	10	view_user
41	Can add content type	11	add_contenttype
42	Can change content type	11	change_contenttype
43	Can delete content type	11	delete_contenttype
44	Can view content type	11	view_contenttype
45	Can add session	12	add_session
46	Can change session	12	change_session
47	Can delete session	12	delete_session
48	Can view session	12	view_session
49	Can add material	13	add_material
50	Can change material	13	change_material
51	Can delete material	13	delete_material
52	Can view material	13	view_material
53	Can add product	14	add_product
54	Can change product	14	change_product
55	Can delete product	14	delete_product
56	Can view product	14	view_product
57	Can add company	15	add_company
58	Can change company	15	change_company
59	Can delete company	15	delete_company
60	Can view company	15	view_company
61	Can add supplier	16	add_supplier
62	Can change supplier	16	change_supplier
63	Can delete supplier	16	delete_supplier
64	Can view supplier	16	view_supplier
65	Can add bank account	17	add_bankaccount
66	Can change bank account	17	change_bankaccount
67	Can delete bank account	17	delete_bankaccount
68	Can view bank account	17	view_bankaccount
\.


--
-- TOC entry 5083 (class 0 OID 17572)
-- Dependencies: 226
-- Data for Name: auth_user; Type: TABLE DATA; Schema: public; Owner: postgres
--

COPY public.auth_user (id, password, last_login, is_superuser, username, first_name, last_name, email, is_staff, is_active, date_joined) FROM stdin;
\.


--
-- TOC entry 5085 (class 0 OID 17580)
-- Dependencies: 228
-- Data for Name: auth_user_groups; Type: TABLE DATA; Schema: public; Owner: postgres
--

COPY public.auth_user_groups (id, user_id, group_id) FROM stdin;
\.


--
-- TOC entry 5087 (class 0 OID 17586)
-- Dependencies: 230
-- Data for Name: auth_user_user_permissions; Type: TABLE DATA; Schema: public; Owner: postgres
--

COPY public.auth_user_user_permissions (id, user_id, permission_id) FROM stdin;
\.


--
-- TOC entry 5091 (class 0 OID 17673)
-- Dependencies: 234
-- Data for Name: db_diy_entity; Type: TABLE DATA; Schema: public; Owner: postgres
--

COPY public.db_diy_entity (entity_id, entity_name) FROM stdin;
1	users
2	clients
3	suppliers
4	materials
5	products
6	stocks
7	blocks
8	purchases
9	sales
10	bills
\.


--
-- TOC entry 5093 (class 0 OID 17681)
-- Dependencies: 236
-- Data for Name: db_diy_permission; Type: TABLE DATA; Schema: public; Owner: postgres
--

COPY public.db_diy_permission (permission_id, permission_name) FROM stdin;
1	full access
2	view
3	create
4	edit
5	delete
\.


--
-- TOC entry 5095 (class 0 OID 17689)
-- Dependencies: 238
-- Data for Name: db_diy_role; Type: TABLE DATA; Schema: public; Owner: postgres
--

COPY public.db_diy_role (role_id, role_name, description) FROM stdin;
1	Quản lý nhà kho vư	Quản lý các hoạt động trong kho
2	Admin	Administrator role
4	Quản lý nhà kho Q	Administrator role
5	Quản lý nhà kho k	Administrator role
\.


--
-- TOC entry 5097 (class 0 OID 17699)
-- Dependencies: 240
-- Data for Name: db_diy_rolepermission; Type: TABLE DATA; Schema: public; Owner: postgres
--

COPY public.db_diy_rolepermission (id, view, "create", edit, delete, full_access, entity_id, role_id) FROM stdin;
1	t	t	t	t	t	3	1
2	t	t	t	f	f	9	1
3	t	t	t	f	f	8	1
5	t	t	f	f	f	7	2
4	t	t	f	t	t	6	2
6	t	t	t	t	t	5	2
7	t	t	f	t	t	1	5
8	t	t	t	t	t	2	5
9	t	t	f	f	f	4	5
\.


--
-- TOC entry 5099 (class 0 OID 17705)
-- Dependencies: 242
-- Data for Name: db_diy_users; Type: TABLE DATA; Schema: public; Owner: postgres
--

COPY public.db_diy_users (id, username, fullname, dob, tels, address, role_id, gender, date_joined, first_name, is_active, is_staff, is_superuser, last_login, last_name, password, email) FROM stdin;
4	johndoe	John Doe	1990-01-01	1234567890	123 Main St, City, Country	1	M	2024-11-08 23:44:17.59852+07		t	f	f	\N		pbkdf2_sha256$600000$ffVWH4hC2haDJyFxFGGzG0$VPZJoAOWS44aARc2apjnudwcjVlJYgfcazMqpM+dQik=	johndoe@example.com
5	janedoe	Jane Doe	1995-05-15	0987654321	456 Another St, City, Country	2	F	2024-11-08 23:59:34.743105+07		t	f	f	\N		pbkdf2_sha256$600000$IwjtJMmVDSKjHL0r1tncJO$NaecjWoq60z9D26cGQg0sp/ar8ZlMUYd7VzokgdY+yM=	janedoe@example.com
6	thuhuyen	Hồ Thị Thu Huyền	1990-01-01	1234567890	123 Main St, City, Country	1	F	2024-11-09 08:51:42.006068+07		t	f	f	\N		pbkdf2_sha256$600000$AYwnMoersq1ouTSxUmtjta$D3hqGS5LLauUHEq3wbK9QDvxvaYPT3P4wTLmKfiOvOA=	huyen@gmail.com
\.


--
-- TOC entry 5114 (class 0 OID 17855)
-- Dependencies: 257
-- Data for Name: db_diy_users_groups; Type: TABLE DATA; Schema: public; Owner: postgres
--

COPY public.db_diy_users_groups (id, users_id, group_id) FROM stdin;
\.


--
-- TOC entry 5116 (class 0 OID 17866)
-- Dependencies: 259
-- Data for Name: db_diy_users_user_permissions; Type: TABLE DATA; Schema: public; Owner: postgres
--

COPY public.db_diy_users_user_permissions (id, users_id, permission_id) FROM stdin;
\.


--
-- TOC entry 5089 (class 0 OID 17644)
-- Dependencies: 232
-- Data for Name: django_admin_log; Type: TABLE DATA; Schema: public; Owner: postgres
--

COPY public.django_admin_log (id, action_time, object_id, object_repr, action_flag, change_message, content_type_id, user_id) FROM stdin;
\.


--
-- TOC entry 5075 (class 0 OID 17544)
-- Dependencies: 218
-- Data for Name: django_content_type; Type: TABLE DATA; Schema: public; Owner: postgres
--

COPY public.django_content_type (id, app_label, model) FROM stdin;
1	db_diy	entity
2	db_diy	permission
3	db_diy	role
4	db_diy	rolepermission
5	db_diy	users
6	db_diy	userrolepermission
7	admin	logentry
8	auth	permission
9	auth	group
10	auth	user
11	contenttypes	contenttype
12	sessions	session
13	inventory	material
14	inventory	product
15	supplier	company
16	supplier	supplier
17	supplier	bankaccount
\.


--
-- TOC entry 5073 (class 0 OID 17536)
-- Dependencies: 216
-- Data for Name: django_migrations; Type: TABLE DATA; Schema: public; Owner: postgres
--

COPY public.django_migrations (id, app, name, applied) FROM stdin;
1	contenttypes	0001_initial	2024-10-27 09:06:49.318742+07
2	auth	0001_initial	2024-10-27 09:06:49.41439+07
3	admin	0001_initial	2024-10-27 09:06:49.44551+07
4	admin	0002_logentry_remove_auto_add	2024-10-27 09:06:49.453023+07
5	admin	0003_logentry_add_action_flag_choices	2024-10-27 09:06:49.460524+07
6	contenttypes	0002_remove_content_type_name	2024-10-27 09:06:49.471497+07
7	auth	0002_alter_permission_name_max_length	2024-10-27 09:06:49.479803+07
8	auth	0003_alter_user_email_max_length	2024-10-27 09:06:49.487955+07
9	auth	0004_alter_user_username_opts	2024-10-27 09:06:49.497184+07
10	auth	0005_alter_user_last_login_null	2024-10-27 09:06:49.505619+07
11	auth	0006_require_contenttypes_0002	2024-10-27 09:06:49.514564+07
12	auth	0007_alter_validators_add_error_messages	2024-10-27 09:06:49.523051+07
13	auth	0008_alter_user_username_max_length	2024-10-27 09:06:49.531336+07
14	auth	0009_alter_user_last_name_max_length	2024-10-27 09:06:49.53955+07
15	auth	0010_alter_group_name_max_length	2024-10-27 09:06:49.548326+07
16	auth	0011_update_proxy_permissions	2024-10-27 09:06:49.564673+07
17	auth	0012_alter_user_first_name_max_length	2024-10-27 09:06:49.576167+07
18	db_diy	0001_initial	2024-10-27 09:06:49.66039+07
19	sessions	0001_initial	2024-10-27 09:06:49.668409+07
20	db_diy	0002_users_role_delete_userrolepermission	2024-10-27 09:52:02.121692+07
21	inventory	0001_initial	2024-10-28 10:05:34.112513+07
22	inventory	0002_product	2024-11-03 08:47:04.779382+07
23	db_diy	0003_users_gender_alter_users_mail	2024-11-04 23:35:14.206844+07
24	supplier	0001_initial	2024-11-04 23:35:14.264546+07
25	supplier	0002_alter_company_company_phone	2024-11-04 23:40:23.559777+07
26	db_diy	0004_alter_users_options_alter_users_managers_and_more	2024-11-08 23:27:53.172293+07
27	db_diy	0005_users_email	2024-11-09 00:25:20.8943+07
28	db_diy	0005_remove_users_pwd_alter_users_password	2024-11-09 08:43:28.786267+07
\.


--
-- TOC entry 5100 (class 0 OID 17755)
-- Dependencies: 243
-- Data for Name: django_session; Type: TABLE DATA; Schema: public; Owner: postgres
--

COPY public.django_session (session_key, session_data, expire_date) FROM stdin;
\.


--
-- TOC entry 5102 (class 0 OID 17773)
-- Dependencies: 245
-- Data for Name: inventory_material; Type: TABLE DATA; Schema: public; Owner: postgres
--

COPY public.inventory_material (material_id, name, category, image, price, stock, unitcount, location, description, expiredate, "isAvailable") FROM stdin;
1	Material 1	{"Category A","Category C"}	{http://example.com/image1.jpg}	100.00	10	kg	Warehouse C	Description for material 1	2024-12-31	t
2	Material 2	{"Category A"}	{https://asset.cloudinary.com/dpxey0jta/2698b15fd267af2822af19fea149638f}	250.00	10	kg	Warehouse C	Description for material 1	2024-12-31	t
\.


--
-- TOC entry 5104 (class 0 OID 17784)
-- Dependencies: 247
-- Data for Name: inventory_product; Type: TABLE DATA; Schema: public; Owner: postgres
--

COPY public.inventory_product (product_id, name, category, "sellingPrice", stock, location, description, image, expiredate, "isAvailable") FROM stdin;
1	Wooden Chair	Furniture	100.00	50	Store C	A sturdy wooden chair made with high-quality materials.	{https://example.com/chair.jpg}	2025-11-30	t
2	Wooden Table	Furniture	200.00	50	Store C	A sturdy wooden chair made with high-quality materials.	{https://example.com/chair.jpg}	2025-11-30	t
\.


--
-- TOC entry 5106 (class 0 OID 17794)
-- Dependencies: 249
-- Data for Name: inventory_product_materials; Type: TABLE DATA; Schema: public; Owner: postgres
--

COPY public.inventory_product_materials (id, product_id, material_id) FROM stdin;
1	1	1
3	2	1
4	2	2
\.


--
-- TOC entry 5112 (class 0 OID 17832)
-- Dependencies: 255
-- Data for Name: supplier_bankaccount; Type: TABLE DATA; Schema: public; Owner: postgres
--

COPY public.supplier_bankaccount (bank_id, holder_name, account_number, bank_name, branch_name, swift_code, company_id) FROM stdin;
1	Jane Smith	987654321	Ngân hàng Mỹ	Chi nhánh Chính	BOFAUS3N	1
\.


--
-- TOC entry 5108 (class 0 OID 17816)
-- Dependencies: 251
-- Data for Name: supplier_company; Type: TABLE DATA; Schema: public; Owner: postgres
--

COPY public.supplier_company (company_id, company_name, company_phone, company_email, company_address) FROM stdin;
1	Công ty Giải pháp Công nghệ	+923456789	info@techsolutions.com	123 Đường Công nghệ, Silicon Valley
2	Công ty Môi Trường	+0909989879	bio@bio.com	123 Nguyen Tat thanh, Da Nang
\.


--
-- TOC entry 5110 (class 0 OID 17824)
-- Dependencies: 253
-- Data for Name: supplier_supplier; Type: TABLE DATA; Schema: public; Owner: postgres
--

COPY public.supplier_supplier (supplier_id, supplier_name, dob, gender, phone, supplier_address, company_id) FROM stdin;
3	DFG	1980-01-15	F	+123456780	San Francisco, CA	1
2	ABC	1980-01-15	F	+123456780	456 Đường Nhà cung cấp, San Francisco, CA	2
\.


--
-- TOC entry 5122 (class 0 OID 0)
-- Dependencies: 221
-- Name: auth_group_id_seq; Type: SEQUENCE SET; Schema: public; Owner: postgres
--

SELECT pg_catalog.setval('public.auth_group_id_seq', 1, false);


--
-- TOC entry 5123 (class 0 OID 0)
-- Dependencies: 223
-- Name: auth_group_permissions_id_seq; Type: SEQUENCE SET; Schema: public; Owner: postgres
--

SELECT pg_catalog.setval('public.auth_group_permissions_id_seq', 1, false);


--
-- TOC entry 5124 (class 0 OID 0)
-- Dependencies: 219
-- Name: auth_permission_id_seq; Type: SEQUENCE SET; Schema: public; Owner: postgres
--

SELECT pg_catalog.setval('public.auth_permission_id_seq', 68, true);


--
-- TOC entry 5125 (class 0 OID 0)
-- Dependencies: 227
-- Name: auth_user_groups_id_seq; Type: SEQUENCE SET; Schema: public; Owner: postgres
--

SELECT pg_catalog.setval('public.auth_user_groups_id_seq', 1, false);


--
-- TOC entry 5126 (class 0 OID 0)
-- Dependencies: 225
-- Name: auth_user_id_seq; Type: SEQUENCE SET; Schema: public; Owner: postgres
--

SELECT pg_catalog.setval('public.auth_user_id_seq', 1, false);


--
-- TOC entry 5127 (class 0 OID 0)
-- Dependencies: 229
-- Name: auth_user_user_permissions_id_seq; Type: SEQUENCE SET; Schema: public; Owner: postgres
--

SELECT pg_catalog.setval('public.auth_user_user_permissions_id_seq', 1, false);


--
-- TOC entry 5128 (class 0 OID 0)
-- Dependencies: 233
-- Name: db_diy_entity_entity_id_seq; Type: SEQUENCE SET; Schema: public; Owner: postgres
--

SELECT pg_catalog.setval('public.db_diy_entity_entity_id_seq', 1, false);


--
-- TOC entry 5129 (class 0 OID 0)
-- Dependencies: 235
-- Name: db_diy_permission_permission_id_seq; Type: SEQUENCE SET; Schema: public; Owner: postgres
--

SELECT pg_catalog.setval('public.db_diy_permission_permission_id_seq', 1, false);


--
-- TOC entry 5130 (class 0 OID 0)
-- Dependencies: 237
-- Name: db_diy_role_role_id_seq; Type: SEQUENCE SET; Schema: public; Owner: postgres
--

SELECT pg_catalog.setval('public.db_diy_role_role_id_seq', 5, true);


--
-- TOC entry 5131 (class 0 OID 0)
-- Dependencies: 239
-- Name: db_diy_rolepermission_id_seq; Type: SEQUENCE SET; Schema: public; Owner: postgres
--

SELECT pg_catalog.setval('public.db_diy_rolepermission_id_seq', 9, true);


--
-- TOC entry 5132 (class 0 OID 0)
-- Dependencies: 256
-- Name: db_diy_users_groups_id_seq; Type: SEQUENCE SET; Schema: public; Owner: postgres
--

SELECT pg_catalog.setval('public.db_diy_users_groups_id_seq', 1, false);


--
-- TOC entry 5133 (class 0 OID 0)
-- Dependencies: 241
-- Name: db_diy_users_id_seq; Type: SEQUENCE SET; Schema: public; Owner: postgres
--

SELECT pg_catalog.setval('public.db_diy_users_id_seq', 6, true);


--
-- TOC entry 5134 (class 0 OID 0)
-- Dependencies: 258
-- Name: db_diy_users_user_permissions_id_seq; Type: SEQUENCE SET; Schema: public; Owner: postgres
--

SELECT pg_catalog.setval('public.db_diy_users_user_permissions_id_seq', 1, false);


--
-- TOC entry 5135 (class 0 OID 0)
-- Dependencies: 231
-- Name: django_admin_log_id_seq; Type: SEQUENCE SET; Schema: public; Owner: postgres
--

SELECT pg_catalog.setval('public.django_admin_log_id_seq', 1, false);


--
-- TOC entry 5136 (class 0 OID 0)
-- Dependencies: 217
-- Name: django_content_type_id_seq; Type: SEQUENCE SET; Schema: public; Owner: postgres
--

SELECT pg_catalog.setval('public.django_content_type_id_seq', 17, true);


--
-- TOC entry 5137 (class 0 OID 0)
-- Dependencies: 215
-- Name: django_migrations_id_seq; Type: SEQUENCE SET; Schema: public; Owner: postgres
--

SELECT pg_catalog.setval('public.django_migrations_id_seq', 28, true);


--
-- TOC entry 5138 (class 0 OID 0)
-- Dependencies: 244
-- Name: inventory_material_material_id_seq; Type: SEQUENCE SET; Schema: public; Owner: postgres
--

SELECT pg_catalog.setval('public.inventory_material_material_id_seq', 2, true);


--
-- TOC entry 5139 (class 0 OID 0)
-- Dependencies: 248
-- Name: inventory_product_materials_id_seq; Type: SEQUENCE SET; Schema: public; Owner: postgres
--

SELECT pg_catalog.setval('public.inventory_product_materials_id_seq', 4, true);


--
-- TOC entry 5140 (class 0 OID 0)
-- Dependencies: 246
-- Name: inventory_product_product_id_seq; Type: SEQUENCE SET; Schema: public; Owner: postgres
--

SELECT pg_catalog.setval('public.inventory_product_product_id_seq', 2, true);


--
-- TOC entry 5141 (class 0 OID 0)
-- Dependencies: 254
-- Name: supplier_bankaccount_bank_id_seq; Type: SEQUENCE SET; Schema: public; Owner: postgres
--

SELECT pg_catalog.setval('public.supplier_bankaccount_bank_id_seq', 1, true);


--
-- TOC entry 5142 (class 0 OID 0)
-- Dependencies: 250
-- Name: supplier_company_company_id_seq; Type: SEQUENCE SET; Schema: public; Owner: postgres
--

SELECT pg_catalog.setval('public.supplier_company_company_id_seq', 2, true);


--
-- TOC entry 5143 (class 0 OID 0)
-- Dependencies: 252
-- Name: supplier_supplier_supplier_id_seq; Type: SEQUENCE SET; Schema: public; Owner: postgres
--

SELECT pg_catalog.setval('public.supplier_supplier_supplier_id_seq', 3, true);


--
-- TOC entry 4812 (class 2606 OID 17670)
-- Name: auth_group auth_group_name_key; Type: CONSTRAINT; Schema: public; Owner: postgres
--

ALTER TABLE ONLY public.auth_group
    ADD CONSTRAINT auth_group_name_key UNIQUE (name);


--
-- TOC entry 4817 (class 2606 OID 17601)
-- Name: auth_group_permissions auth_group_permissions_group_id_permission_id_0cd325b0_uniq; Type: CONSTRAINT; Schema: public; Owner: postgres
--

ALTER TABLE ONLY public.auth_group_permissions
    ADD CONSTRAINT auth_group_permissions_group_id_permission_id_0cd325b0_uniq UNIQUE (group_id, permission_id);


--
-- TOC entry 4820 (class 2606 OID 17570)
-- Name: auth_group_permissions auth_group_permissions_pkey; Type: CONSTRAINT; Schema: public; Owner: postgres
--

ALTER TABLE ONLY public.auth_group_permissions
    ADD CONSTRAINT auth_group_permissions_pkey PRIMARY KEY (id);


--
-- TOC entry 4814 (class 2606 OID 17562)
-- Name: auth_group auth_group_pkey; Type: CONSTRAINT; Schema: public; Owner: postgres
--

ALTER TABLE ONLY public.auth_group
    ADD CONSTRAINT auth_group_pkey PRIMARY KEY (id);


--
-- TOC entry 4807 (class 2606 OID 17592)
-- Name: auth_permission auth_permission_content_type_id_codename_01ab375a_uniq; Type: CONSTRAINT; Schema: public; Owner: postgres
--

ALTER TABLE ONLY public.auth_permission
    ADD CONSTRAINT auth_permission_content_type_id_codename_01ab375a_uniq UNIQUE (content_type_id, codename);


--
-- TOC entry 4809 (class 2606 OID 17556)
-- Name: auth_permission auth_permission_pkey; Type: CONSTRAINT; Schema: public; Owner: postgres
--

ALTER TABLE ONLY public.auth_permission
    ADD CONSTRAINT auth_permission_pkey PRIMARY KEY (id);


--
-- TOC entry 4828 (class 2606 OID 17584)
-- Name: auth_user_groups auth_user_groups_pkey; Type: CONSTRAINT; Schema: public; Owner: postgres
--

ALTER TABLE ONLY public.auth_user_groups
    ADD CONSTRAINT auth_user_groups_pkey PRIMARY KEY (id);


--
-- TOC entry 4831 (class 2606 OID 17616)
-- Name: auth_user_groups auth_user_groups_user_id_group_id_94350c0c_uniq; Type: CONSTRAINT; Schema: public; Owner: postgres
--

ALTER TABLE ONLY public.auth_user_groups
    ADD CONSTRAINT auth_user_groups_user_id_group_id_94350c0c_uniq UNIQUE (user_id, group_id);


--
-- TOC entry 4822 (class 2606 OID 17576)
-- Name: auth_user auth_user_pkey; Type: CONSTRAINT; Schema: public; Owner: postgres
--

ALTER TABLE ONLY public.auth_user
    ADD CONSTRAINT auth_user_pkey PRIMARY KEY (id);


--
-- TOC entry 4834 (class 2606 OID 17590)
-- Name: auth_user_user_permissions auth_user_user_permissions_pkey; Type: CONSTRAINT; Schema: public; Owner: postgres
--

ALTER TABLE ONLY public.auth_user_user_permissions
    ADD CONSTRAINT auth_user_user_permissions_pkey PRIMARY KEY (id);


--
-- TOC entry 4837 (class 2606 OID 17630)
-- Name: auth_user_user_permissions auth_user_user_permissions_user_id_permission_id_14a6b632_uniq; Type: CONSTRAINT; Schema: public; Owner: postgres
--

ALTER TABLE ONLY public.auth_user_user_permissions
    ADD CONSTRAINT auth_user_user_permissions_user_id_permission_id_14a6b632_uniq UNIQUE (user_id, permission_id);


--
-- TOC entry 4825 (class 2606 OID 17665)
-- Name: auth_user auth_user_username_key; Type: CONSTRAINT; Schema: public; Owner: postgres
--

ALTER TABLE ONLY public.auth_user
    ADD CONSTRAINT auth_user_username_key UNIQUE (username);


--
-- TOC entry 4844 (class 2606 OID 17679)
-- Name: db_diy_entity db_diy_entity_entity_name_key; Type: CONSTRAINT; Schema: public; Owner: postgres
--

ALTER TABLE ONLY public.db_diy_entity
    ADD CONSTRAINT db_diy_entity_entity_name_key UNIQUE (entity_name);


--
-- TOC entry 4846 (class 2606 OID 17677)
-- Name: db_diy_entity db_diy_entity_pkey; Type: CONSTRAINT; Schema: public; Owner: postgres
--

ALTER TABLE ONLY public.db_diy_entity
    ADD CONSTRAINT db_diy_entity_pkey PRIMARY KEY (entity_id);


--
-- TOC entry 4849 (class 2606 OID 17687)
-- Name: db_diy_permission db_diy_permission_permission_name_key; Type: CONSTRAINT; Schema: public; Owner: postgres
--

ALTER TABLE ONLY public.db_diy_permission
    ADD CONSTRAINT db_diy_permission_permission_name_key UNIQUE (permission_name);


--
-- TOC entry 4851 (class 2606 OID 17685)
-- Name: db_diy_permission db_diy_permission_pkey; Type: CONSTRAINT; Schema: public; Owner: postgres
--

ALTER TABLE ONLY public.db_diy_permission
    ADD CONSTRAINT db_diy_permission_pkey PRIMARY KEY (permission_id);


--
-- TOC entry 4853 (class 2606 OID 17695)
-- Name: db_diy_role db_diy_role_pkey; Type: CONSTRAINT; Schema: public; Owner: postgres
--

ALTER TABLE ONLY public.db_diy_role
    ADD CONSTRAINT db_diy_role_pkey PRIMARY KEY (role_id);


--
-- TOC entry 4856 (class 2606 OID 17697)
-- Name: db_diy_role db_diy_role_role_name_key; Type: CONSTRAINT; Schema: public; Owner: postgres
--

ALTER TABLE ONLY public.db_diy_role
    ADD CONSTRAINT db_diy_role_role_name_key UNIQUE (role_name);


--
-- TOC entry 4859 (class 2606 OID 17703)
-- Name: db_diy_rolepermission db_diy_rolepermission_pkey; Type: CONSTRAINT; Schema: public; Owner: postgres
--

ALTER TABLE ONLY public.db_diy_rolepermission
    ADD CONSTRAINT db_diy_rolepermission_pkey PRIMARY KEY (id);


--
-- TOC entry 4862 (class 2606 OID 17726)
-- Name: db_diy_rolepermission db_diy_rolepermission_role_id_entity_id_39fae50e_uniq; Type: CONSTRAINT; Schema: public; Owner: postgres
--

ALTER TABLE ONLY public.db_diy_rolepermission
    ADD CONSTRAINT db_diy_rolepermission_role_id_entity_id_39fae50e_uniq UNIQUE (role_id, entity_id);


--
-- TOC entry 4899 (class 2606 OID 17859)
-- Name: db_diy_users_groups db_diy_users_groups_pkey; Type: CONSTRAINT; Schema: public; Owner: postgres
--

ALTER TABLE ONLY public.db_diy_users_groups
    ADD CONSTRAINT db_diy_users_groups_pkey PRIMARY KEY (id);


--
-- TOC entry 4902 (class 2606 OID 17875)
-- Name: db_diy_users_groups db_diy_users_groups_users_id_group_id_43785832_uniq; Type: CONSTRAINT; Schema: public; Owner: postgres
--

ALTER TABLE ONLY public.db_diy_users_groups
    ADD CONSTRAINT db_diy_users_groups_users_id_group_id_43785832_uniq UNIQUE (users_id, group_id);


--
-- TOC entry 4864 (class 2606 OID 17711)
-- Name: db_diy_users db_diy_users_pkey; Type: CONSTRAINT; Schema: public; Owner: postgres
--

ALTER TABLE ONLY public.db_diy_users
    ADD CONSTRAINT db_diy_users_pkey PRIMARY KEY (id);


--
-- TOC entry 4904 (class 2606 OID 17889)
-- Name: db_diy_users_user_permissions db_diy_users_user_permis_users_id_permission_id_47dde8c2_uniq; Type: CONSTRAINT; Schema: public; Owner: postgres
--

ALTER TABLE ONLY public.db_diy_users_user_permissions
    ADD CONSTRAINT db_diy_users_user_permis_users_id_permission_id_47dde8c2_uniq UNIQUE (users_id, permission_id);


--
-- TOC entry 4907 (class 2606 OID 17870)
-- Name: db_diy_users_user_permissions db_diy_users_user_permissions_pkey; Type: CONSTRAINT; Schema: public; Owner: postgres
--

ALTER TABLE ONLY public.db_diy_users_user_permissions
    ADD CONSTRAINT db_diy_users_user_permissions_pkey PRIMARY KEY (id);


--
-- TOC entry 4868 (class 2606 OID 17713)
-- Name: db_diy_users db_diy_users_username_key; Type: CONSTRAINT; Schema: public; Owner: postgres
--

ALTER TABLE ONLY public.db_diy_users
    ADD CONSTRAINT db_diy_users_username_key UNIQUE (username);


--
-- TOC entry 4840 (class 2606 OID 17651)
-- Name: django_admin_log django_admin_log_pkey; Type: CONSTRAINT; Schema: public; Owner: postgres
--

ALTER TABLE ONLY public.django_admin_log
    ADD CONSTRAINT django_admin_log_pkey PRIMARY KEY (id);


--
-- TOC entry 4802 (class 2606 OID 17550)
-- Name: django_content_type django_content_type_app_label_model_76bd3d3b_uniq; Type: CONSTRAINT; Schema: public; Owner: postgres
--

ALTER TABLE ONLY public.django_content_type
    ADD CONSTRAINT django_content_type_app_label_model_76bd3d3b_uniq UNIQUE (app_label, model);


--
-- TOC entry 4804 (class 2606 OID 17548)
-- Name: django_content_type django_content_type_pkey; Type: CONSTRAINT; Schema: public; Owner: postgres
--

ALTER TABLE ONLY public.django_content_type
    ADD CONSTRAINT django_content_type_pkey PRIMARY KEY (id);


--
-- TOC entry 4800 (class 2606 OID 17542)
-- Name: django_migrations django_migrations_pkey; Type: CONSTRAINT; Schema: public; Owner: postgres
--

ALTER TABLE ONLY public.django_migrations
    ADD CONSTRAINT django_migrations_pkey PRIMARY KEY (id);


--
-- TOC entry 4871 (class 2606 OID 17761)
-- Name: django_session django_session_pkey; Type: CONSTRAINT; Schema: public; Owner: postgres
--

ALTER TABLE ONLY public.django_session
    ADD CONSTRAINT django_session_pkey PRIMARY KEY (session_key);


--
-- TOC entry 4875 (class 2606 OID 17781)
-- Name: inventory_material inventory_material_name_key; Type: CONSTRAINT; Schema: public; Owner: postgres
--

ALTER TABLE ONLY public.inventory_material
    ADD CONSTRAINT inventory_material_name_key UNIQUE (name);


--
-- TOC entry 4877 (class 2606 OID 17779)
-- Name: inventory_material inventory_material_pkey; Type: CONSTRAINT; Schema: public; Owner: postgres
--

ALTER TABLE ONLY public.inventory_material
    ADD CONSTRAINT inventory_material_pkey PRIMARY KEY (material_id);


--
-- TOC entry 4884 (class 2606 OID 17801)
-- Name: inventory_product_materials inventory_product_materi_product_id_material_id_5ef5698a_uniq; Type: CONSTRAINT; Schema: public; Owner: postgres
--

ALTER TABLE ONLY public.inventory_product_materials
    ADD CONSTRAINT inventory_product_materi_product_id_material_id_5ef5698a_uniq UNIQUE (product_id, material_id);


--
-- TOC entry 4887 (class 2606 OID 17798)
-- Name: inventory_product_materials inventory_product_materials_pkey; Type: CONSTRAINT; Schema: public; Owner: postgres
--

ALTER TABLE ONLY public.inventory_product_materials
    ADD CONSTRAINT inventory_product_materials_pkey PRIMARY KEY (id);


--
-- TOC entry 4880 (class 2606 OID 17792)
-- Name: inventory_product inventory_product_name_key; Type: CONSTRAINT; Schema: public; Owner: postgres
--

ALTER TABLE ONLY public.inventory_product
    ADD CONSTRAINT inventory_product_name_key UNIQUE (name);


--
-- TOC entry 4882 (class 2606 OID 17790)
-- Name: inventory_product inventory_product_pkey; Type: CONSTRAINT; Schema: public; Owner: postgres
--

ALTER TABLE ONLY public.inventory_product
    ADD CONSTRAINT inventory_product_pkey PRIMARY KEY (product_id);


--
-- TOC entry 4896 (class 2606 OID 17838)
-- Name: supplier_bankaccount supplier_bankaccount_pkey; Type: CONSTRAINT; Schema: public; Owner: postgres
--

ALTER TABLE ONLY public.supplier_bankaccount
    ADD CONSTRAINT supplier_bankaccount_pkey PRIMARY KEY (bank_id);


--
-- TOC entry 4890 (class 2606 OID 17822)
-- Name: supplier_company supplier_company_pkey; Type: CONSTRAINT; Schema: public; Owner: postgres
--

ALTER TABLE ONLY public.supplier_company
    ADD CONSTRAINT supplier_company_pkey PRIMARY KEY (company_id);


--
-- TOC entry 4893 (class 2606 OID 17830)
-- Name: supplier_supplier supplier_supplier_pkey; Type: CONSTRAINT; Schema: public; Owner: postgres
--

ALTER TABLE ONLY public.supplier_supplier
    ADD CONSTRAINT supplier_supplier_pkey PRIMARY KEY (supplier_id);


--
-- TOC entry 4810 (class 1259 OID 17671)
-- Name: auth_group_name_a6ea08ec_like; Type: INDEX; Schema: public; Owner: postgres
--

CREATE INDEX auth_group_name_a6ea08ec_like ON public.auth_group USING btree (name varchar_pattern_ops);


--
-- TOC entry 4815 (class 1259 OID 17612)
-- Name: auth_group_permissions_group_id_b120cbf9; Type: INDEX; Schema: public; Owner: postgres
--

CREATE INDEX auth_group_permissions_group_id_b120cbf9 ON public.auth_group_permissions USING btree (group_id);


--
-- TOC entry 4818 (class 1259 OID 17613)
-- Name: auth_group_permissions_permission_id_84c5c92e; Type: INDEX; Schema: public; Owner: postgres
--

CREATE INDEX auth_group_permissions_permission_id_84c5c92e ON public.auth_group_permissions USING btree (permission_id);


--
-- TOC entry 4805 (class 1259 OID 17598)
-- Name: auth_permission_content_type_id_2f476e4b; Type: INDEX; Schema: public; Owner: postgres
--

CREATE INDEX auth_permission_content_type_id_2f476e4b ON public.auth_permission USING btree (content_type_id);


--
-- TOC entry 4826 (class 1259 OID 17628)
-- Name: auth_user_groups_group_id_97559544; Type: INDEX; Schema: public; Owner: postgres
--

CREATE INDEX auth_user_groups_group_id_97559544 ON public.auth_user_groups USING btree (group_id);


--
-- TOC entry 4829 (class 1259 OID 17627)
-- Name: auth_user_groups_user_id_6a12ed8b; Type: INDEX; Schema: public; Owner: postgres
--

CREATE INDEX auth_user_groups_user_id_6a12ed8b ON public.auth_user_groups USING btree (user_id);


--
-- TOC entry 4832 (class 1259 OID 17642)
-- Name: auth_user_user_permissions_permission_id_1fbb5f2c; Type: INDEX; Schema: public; Owner: postgres
--

CREATE INDEX auth_user_user_permissions_permission_id_1fbb5f2c ON public.auth_user_user_permissions USING btree (permission_id);


--
-- TOC entry 4835 (class 1259 OID 17641)
-- Name: auth_user_user_permissions_user_id_a95ead1b; Type: INDEX; Schema: public; Owner: postgres
--

CREATE INDEX auth_user_user_permissions_user_id_a95ead1b ON public.auth_user_user_permissions USING btree (user_id);


--
-- TOC entry 4823 (class 1259 OID 17666)
-- Name: auth_user_username_6821ab7c_like; Type: INDEX; Schema: public; Owner: postgres
--

CREATE INDEX auth_user_username_6821ab7c_like ON public.auth_user USING btree (username varchar_pattern_ops);


--
-- TOC entry 4842 (class 1259 OID 17722)
-- Name: db_diy_entity_entity_name_5a7f6069_like; Type: INDEX; Schema: public; Owner: postgres
--

CREATE INDEX db_diy_entity_entity_name_5a7f6069_like ON public.db_diy_entity USING btree (entity_name varchar_pattern_ops);


--
-- TOC entry 4847 (class 1259 OID 17723)
-- Name: db_diy_permission_permission_name_ddbd95f3_like; Type: INDEX; Schema: public; Owner: postgres
--

CREATE INDEX db_diy_permission_permission_name_ddbd95f3_like ON public.db_diy_permission USING btree (permission_name varchar_pattern_ops);


--
-- TOC entry 4854 (class 1259 OID 17724)
-- Name: db_diy_role_role_name_e593167b_like; Type: INDEX; Schema: public; Owner: postgres
--

CREATE INDEX db_diy_role_role_name_e593167b_like ON public.db_diy_role USING btree (role_name varchar_pattern_ops);


--
-- TOC entry 4857 (class 1259 OID 17737)
-- Name: db_diy_rolepermission_entity_id_25250826; Type: INDEX; Schema: public; Owner: postgres
--

CREATE INDEX db_diy_rolepermission_entity_id_25250826 ON public.db_diy_rolepermission USING btree (entity_id);


--
-- TOC entry 4860 (class 1259 OID 17738)
-- Name: db_diy_rolepermission_role_id_ad1fb73e; Type: INDEX; Schema: public; Owner: postgres
--

CREATE INDEX db_diy_rolepermission_role_id_ad1fb73e ON public.db_diy_rolepermission USING btree (role_id);


--
-- TOC entry 4897 (class 1259 OID 17887)
-- Name: db_diy_users_groups_group_id_b5703b74; Type: INDEX; Schema: public; Owner: postgres
--

CREATE INDEX db_diy_users_groups_group_id_b5703b74 ON public.db_diy_users_groups USING btree (group_id);


--
-- TOC entry 4900 (class 1259 OID 17886)
-- Name: db_diy_users_groups_users_id_d5d9448d; Type: INDEX; Schema: public; Owner: postgres
--

CREATE INDEX db_diy_users_groups_users_id_d5d9448d ON public.db_diy_users_groups USING btree (users_id);


--
-- TOC entry 4865 (class 1259 OID 17771)
-- Name: db_diy_users_role_id_560d777f; Type: INDEX; Schema: public; Owner: postgres
--

CREATE INDEX db_diy_users_role_id_560d777f ON public.db_diy_users USING btree (role_id);


--
-- TOC entry 4905 (class 1259 OID 17901)
-- Name: db_diy_users_user_permissions_permission_id_892fbaa7; Type: INDEX; Schema: public; Owner: postgres
--

CREATE INDEX db_diy_users_user_permissions_permission_id_892fbaa7 ON public.db_diy_users_user_permissions USING btree (permission_id);


--
-- TOC entry 4908 (class 1259 OID 17900)
-- Name: db_diy_users_user_permissions_users_id_b0a12a4e; Type: INDEX; Schema: public; Owner: postgres
--

CREATE INDEX db_diy_users_user_permissions_users_id_b0a12a4e ON public.db_diy_users_user_permissions USING btree (users_id);


--
-- TOC entry 4866 (class 1259 OID 17739)
-- Name: db_diy_users_username_fb8a1ed9_like; Type: INDEX; Schema: public; Owner: postgres
--

CREATE INDEX db_diy_users_username_fb8a1ed9_like ON public.db_diy_users USING btree (username varchar_pattern_ops);


--
-- TOC entry 4838 (class 1259 OID 17662)
-- Name: django_admin_log_content_type_id_c4bce8eb; Type: INDEX; Schema: public; Owner: postgres
--

CREATE INDEX django_admin_log_content_type_id_c4bce8eb ON public.django_admin_log USING btree (content_type_id);


--
-- TOC entry 4841 (class 1259 OID 17663)
-- Name: django_admin_log_user_id_c564eba6; Type: INDEX; Schema: public; Owner: postgres
--

CREATE INDEX django_admin_log_user_id_c564eba6 ON public.django_admin_log USING btree (user_id);


--
-- TOC entry 4869 (class 1259 OID 17763)
-- Name: django_session_expire_date_a5c62663; Type: INDEX; Schema: public; Owner: postgres
--

CREATE INDEX django_session_expire_date_a5c62663 ON public.django_session USING btree (expire_date);


--
-- TOC entry 4872 (class 1259 OID 17762)
-- Name: django_session_session_key_c0390e0f_like; Type: INDEX; Schema: public; Owner: postgres
--

CREATE INDEX django_session_session_key_c0390e0f_like ON public.django_session USING btree (session_key varchar_pattern_ops);


--
-- TOC entry 4873 (class 1259 OID 17782)
-- Name: inventory_material_name_55e94a82_like; Type: INDEX; Schema: public; Owner: postgres
--

CREATE INDEX inventory_material_name_55e94a82_like ON public.inventory_material USING btree (name varchar_pattern_ops);


--
-- TOC entry 4885 (class 1259 OID 17813)
-- Name: inventory_product_materials_material_id_de809e5e; Type: INDEX; Schema: public; Owner: postgres
--

CREATE INDEX inventory_product_materials_material_id_de809e5e ON public.inventory_product_materials USING btree (material_id);


--
-- TOC entry 4888 (class 1259 OID 17812)
-- Name: inventory_product_materials_product_id_368e872c; Type: INDEX; Schema: public; Owner: postgres
--

CREATE INDEX inventory_product_materials_product_id_368e872c ON public.inventory_product_materials USING btree (product_id);


--
-- TOC entry 4878 (class 1259 OID 17799)
-- Name: inventory_product_name_78603733_like; Type: INDEX; Schema: public; Owner: postgres
--

CREATE INDEX inventory_product_name_78603733_like ON public.inventory_product USING btree (name varchar_pattern_ops);


--
-- TOC entry 4894 (class 1259 OID 17850)
-- Name: supplier_bankaccount_company_id_945f9691; Type: INDEX; Schema: public; Owner: postgres
--

CREATE INDEX supplier_bankaccount_company_id_945f9691 ON public.supplier_bankaccount USING btree (company_id);


--
-- TOC entry 4891 (class 1259 OID 17844)
-- Name: supplier_supplier_company_id_f3d0e524; Type: INDEX; Schema: public; Owner: postgres
--

CREATE INDEX supplier_supplier_company_id_f3d0e524 ON public.supplier_supplier USING btree (company_id);


--
-- TOC entry 4910 (class 2606 OID 17607)
-- Name: auth_group_permissions auth_group_permissio_permission_id_84c5c92e_fk_auth_perm; Type: FK CONSTRAINT; Schema: public; Owner: postgres
--

ALTER TABLE ONLY public.auth_group_permissions
    ADD CONSTRAINT auth_group_permissio_permission_id_84c5c92e_fk_auth_perm FOREIGN KEY (permission_id) REFERENCES public.auth_permission(id) DEFERRABLE INITIALLY DEFERRED;


--
-- TOC entry 4911 (class 2606 OID 17602)
-- Name: auth_group_permissions auth_group_permissions_group_id_b120cbf9_fk_auth_group_id; Type: FK CONSTRAINT; Schema: public; Owner: postgres
--

ALTER TABLE ONLY public.auth_group_permissions
    ADD CONSTRAINT auth_group_permissions_group_id_b120cbf9_fk_auth_group_id FOREIGN KEY (group_id) REFERENCES public.auth_group(id) DEFERRABLE INITIALLY DEFERRED;


--
-- TOC entry 4909 (class 2606 OID 17593)
-- Name: auth_permission auth_permission_content_type_id_2f476e4b_fk_django_co; Type: FK CONSTRAINT; Schema: public; Owner: postgres
--

ALTER TABLE ONLY public.auth_permission
    ADD CONSTRAINT auth_permission_content_type_id_2f476e4b_fk_django_co FOREIGN KEY (content_type_id) REFERENCES public.django_content_type(id) DEFERRABLE INITIALLY DEFERRED;


--
-- TOC entry 4912 (class 2606 OID 17622)
-- Name: auth_user_groups auth_user_groups_group_id_97559544_fk_auth_group_id; Type: FK CONSTRAINT; Schema: public; Owner: postgres
--

ALTER TABLE ONLY public.auth_user_groups
    ADD CONSTRAINT auth_user_groups_group_id_97559544_fk_auth_group_id FOREIGN KEY (group_id) REFERENCES public.auth_group(id) DEFERRABLE INITIALLY DEFERRED;


--
-- TOC entry 4913 (class 2606 OID 17617)
-- Name: auth_user_groups auth_user_groups_user_id_6a12ed8b_fk_auth_user_id; Type: FK CONSTRAINT; Schema: public; Owner: postgres
--

ALTER TABLE ONLY public.auth_user_groups
    ADD CONSTRAINT auth_user_groups_user_id_6a12ed8b_fk_auth_user_id FOREIGN KEY (user_id) REFERENCES public.auth_user(id) DEFERRABLE INITIALLY DEFERRED;


--
-- TOC entry 4914 (class 2606 OID 17636)
-- Name: auth_user_user_permissions auth_user_user_permi_permission_id_1fbb5f2c_fk_auth_perm; Type: FK CONSTRAINT; Schema: public; Owner: postgres
--

ALTER TABLE ONLY public.auth_user_user_permissions
    ADD CONSTRAINT auth_user_user_permi_permission_id_1fbb5f2c_fk_auth_perm FOREIGN KEY (permission_id) REFERENCES public.auth_permission(id) DEFERRABLE INITIALLY DEFERRED;


--
-- TOC entry 4915 (class 2606 OID 17631)
-- Name: auth_user_user_permissions auth_user_user_permissions_user_id_a95ead1b_fk_auth_user_id; Type: FK CONSTRAINT; Schema: public; Owner: postgres
--

ALTER TABLE ONLY public.auth_user_user_permissions
    ADD CONSTRAINT auth_user_user_permissions_user_id_a95ead1b_fk_auth_user_id FOREIGN KEY (user_id) REFERENCES public.auth_user(id) DEFERRABLE INITIALLY DEFERRED;


--
-- TOC entry 4918 (class 2606 OID 17727)
-- Name: db_diy_rolepermission db_diy_rolepermissio_entity_id_25250826_fk_db_diy_en; Type: FK CONSTRAINT; Schema: public; Owner: postgres
--

ALTER TABLE ONLY public.db_diy_rolepermission
    ADD CONSTRAINT db_diy_rolepermissio_entity_id_25250826_fk_db_diy_en FOREIGN KEY (entity_id) REFERENCES public.db_diy_entity(entity_id) DEFERRABLE INITIALLY DEFERRED;


--
-- TOC entry 4919 (class 2606 OID 17732)
-- Name: db_diy_rolepermission db_diy_rolepermission_role_id_ad1fb73e_fk_db_diy_role_role_id; Type: FK CONSTRAINT; Schema: public; Owner: postgres
--

ALTER TABLE ONLY public.db_diy_rolepermission
    ADD CONSTRAINT db_diy_rolepermission_role_id_ad1fb73e_fk_db_diy_role_role_id FOREIGN KEY (role_id) REFERENCES public.db_diy_role(role_id) DEFERRABLE INITIALLY DEFERRED;


--
-- TOC entry 4925 (class 2606 OID 17881)
-- Name: db_diy_users_groups db_diy_users_groups_group_id_b5703b74_fk_auth_group_id; Type: FK CONSTRAINT; Schema: public; Owner: postgres
--

ALTER TABLE ONLY public.db_diy_users_groups
    ADD CONSTRAINT db_diy_users_groups_group_id_b5703b74_fk_auth_group_id FOREIGN KEY (group_id) REFERENCES public.auth_group(id) DEFERRABLE INITIALLY DEFERRED;


--
-- TOC entry 4926 (class 2606 OID 17876)
-- Name: db_diy_users_groups db_diy_users_groups_users_id_d5d9448d_fk_db_diy_users_id; Type: FK CONSTRAINT; Schema: public; Owner: postgres
--

ALTER TABLE ONLY public.db_diy_users_groups
    ADD CONSTRAINT db_diy_users_groups_users_id_d5d9448d_fk_db_diy_users_id FOREIGN KEY (users_id) REFERENCES public.db_diy_users(id) DEFERRABLE INITIALLY DEFERRED;


--
-- TOC entry 4920 (class 2606 OID 17766)
-- Name: db_diy_users db_diy_users_role_id_560d777f_fk_db_diy_role_role_id; Type: FK CONSTRAINT; Schema: public; Owner: postgres
--

ALTER TABLE ONLY public.db_diy_users
    ADD CONSTRAINT db_diy_users_role_id_560d777f_fk_db_diy_role_role_id FOREIGN KEY (role_id) REFERENCES public.db_diy_role(role_id) DEFERRABLE INITIALLY DEFERRED;


--
-- TOC entry 4927 (class 2606 OID 17895)
-- Name: db_diy_users_user_permissions db_diy_users_user_pe_permission_id_892fbaa7_fk_auth_perm; Type: FK CONSTRAINT; Schema: public; Owner: postgres
--

ALTER TABLE ONLY public.db_diy_users_user_permissions
    ADD CONSTRAINT db_diy_users_user_pe_permission_id_892fbaa7_fk_auth_perm FOREIGN KEY (permission_id) REFERENCES public.auth_permission(id) DEFERRABLE INITIALLY DEFERRED;


--
-- TOC entry 4928 (class 2606 OID 17890)
-- Name: db_diy_users_user_permissions db_diy_users_user_pe_users_id_b0a12a4e_fk_db_diy_us; Type: FK CONSTRAINT; Schema: public; Owner: postgres
--

ALTER TABLE ONLY public.db_diy_users_user_permissions
    ADD CONSTRAINT db_diy_users_user_pe_users_id_b0a12a4e_fk_db_diy_us FOREIGN KEY (users_id) REFERENCES public.db_diy_users(id) DEFERRABLE INITIALLY DEFERRED;


--
-- TOC entry 4916 (class 2606 OID 17652)
-- Name: django_admin_log django_admin_log_content_type_id_c4bce8eb_fk_django_co; Type: FK CONSTRAINT; Schema: public; Owner: postgres
--

ALTER TABLE ONLY public.django_admin_log
    ADD CONSTRAINT django_admin_log_content_type_id_c4bce8eb_fk_django_co FOREIGN KEY (content_type_id) REFERENCES public.django_content_type(id) DEFERRABLE INITIALLY DEFERRED;


--
-- TOC entry 4917 (class 2606 OID 17657)
-- Name: django_admin_log django_admin_log_user_id_c564eba6_fk_auth_user_id; Type: FK CONSTRAINT; Schema: public; Owner: postgres
--

ALTER TABLE ONLY public.django_admin_log
    ADD CONSTRAINT django_admin_log_user_id_c564eba6_fk_auth_user_id FOREIGN KEY (user_id) REFERENCES public.auth_user(id) DEFERRABLE INITIALLY DEFERRED;


--
-- TOC entry 4921 (class 2606 OID 17807)
-- Name: inventory_product_materials inventory_product_ma_material_id_de809e5e_fk_inventory; Type: FK CONSTRAINT; Schema: public; Owner: postgres
--

ALTER TABLE ONLY public.inventory_product_materials
    ADD CONSTRAINT inventory_product_ma_material_id_de809e5e_fk_inventory FOREIGN KEY (material_id) REFERENCES public.inventory_material(material_id) DEFERRABLE INITIALLY DEFERRED;


--
-- TOC entry 4922 (class 2606 OID 17802)
-- Name: inventory_product_materials inventory_product_ma_product_id_368e872c_fk_inventory; Type: FK CONSTRAINT; Schema: public; Owner: postgres
--

ALTER TABLE ONLY public.inventory_product_materials
    ADD CONSTRAINT inventory_product_ma_product_id_368e872c_fk_inventory FOREIGN KEY (product_id) REFERENCES public.inventory_product(product_id) DEFERRABLE INITIALLY DEFERRED;


--
-- TOC entry 4924 (class 2606 OID 17845)
-- Name: supplier_bankaccount supplier_bankaccount_company_id_945f9691_fk_supplier_; Type: FK CONSTRAINT; Schema: public; Owner: postgres
--

ALTER TABLE ONLY public.supplier_bankaccount
    ADD CONSTRAINT supplier_bankaccount_company_id_945f9691_fk_supplier_ FOREIGN KEY (company_id) REFERENCES public.supplier_company(company_id) DEFERRABLE INITIALLY DEFERRED;


--
-- TOC entry 4923 (class 2606 OID 17839)
-- Name: supplier_supplier supplier_supplier_company_id_f3d0e524_fk_supplier_; Type: FK CONSTRAINT; Schema: public; Owner: postgres
--

ALTER TABLE ONLY public.supplier_supplier
    ADD CONSTRAINT supplier_supplier_company_id_f3d0e524_fk_supplier_ FOREIGN KEY (company_id) REFERENCES public.supplier_company(company_id) DEFERRABLE INITIALLY DEFERRED;


-- Completed on 2024-11-12 11:17:17

--
-- PostgreSQL database dump complete
--

